{"train/box_loss": 1.17158, "train/cls_loss": 1.29296, "train/dfl_loss": 1.21906, "_timestamp": 1681774310.3568316, "lr/pg0": 0.077782, "lr/pg1": 0.000782, "lr/pg2": 0.000782, "metrics/precision(B)": 0.6694652387919425, "metrics/recall(B)": 0.6006501962733989, "metrics/mAP50(B)": 0.6649862269026557, "metrics/mAP50-95(B)": 0.49610449743051316, "val/box_loss": 1.06321, "val/cls_loss": 1.02862, "val/dfl_loss": 1.11307, "model/parameters": 3157200, "model/GFLOPs": 8.858, "model/speed(ms)": 0.5, "_runtime": 22.968666553497314, "_step": 3, "train_batch1": {"_type": "image-file", "sha256": "833d8256a65b9b3c6c9768b41e496159775699f2810e8b08558a7d4ec54fe270", "size": 719062, "path": "media/images/train_batch1_2_833d8256a65b9b3c6c97.jpg", "format": "jpg", "width": 1920, "height": 1920}, "train_batch2": {"_type": "image-file", "sha256": "28520bf925fb7e9969c47744e5b7051e91bd8c4a8426b9f896d6cc34ef8c09c8", "size": 714199, "path": "media/images/train_batch2_2_28520bf925fb7e9969c4.jpg", "format": "jpg", "width": 1920, "height": 1920}, "train_batch0": {"_type": "image-file", "sha256": "fe77bf3439a1121112ab1fae854e240a6ed95f80a1351931c0dc4348378b1ac9", "size": 662690, "path": "media/images/train_batch0_2_fe77bf3439a1121112ab.jpg", "format": "jpg", "width": 1920, "height": 1920}, "_wandb": {"runtime": 37}}